workload1,workload2,workload3,"(w1_100, w2_100, w3_100)","(w1_10, w2_10, w3_80)","(w1_10, w2_20, w3_70)","(w1_10, w2_30, w3_60)","(w1_10, w2_40, w3_50)","(w1_10, w2_50, w3_40)","(w1_10, w2_60, w3_30)","(w1_10, w2_70, w3_20)","(w1_10, w2_80, w3_10)","(w1_20, w2_10, w3_70)","(w1_20, w2_20, w3_60)","(w1_20, w2_30, w3_50)","(w1_20, w2_40, w3_40)","(w1_20, w2_50, w3_30)","(w1_20, w2_60, w3_20)","(w1_20, w2_70, w3_10)","(w1_30, w2_10, w3_60)","(w1_30, w2_20, w3_50)","(w1_30, w2_30, w3_40)","(w1_30, w2_40, w3_30)","(w1_30, w2_50, w3_20)","(w1_30, w2_60, w3_10)","(w1_40, w2_10, w3_50)","(w1_40, w2_20, w3_40)","(w1_40, w2_30, w3_30)","(w1_40, w2_40, w3_20)","(w1_40, w2_50, w3_10)","(w1_50, w2_10, w3_40)","(w1_50, w2_20, w3_30)","(w1_50, w2_30, w3_20)","(w1_50, w2_40, w3_10)","(w1_60, w2_10, w3_30)","(w1_60, w2_20, w3_20)","(w1_60, w2_30, w3_10)","(w1_70, w2_10, w3_20)","(w1_70, w2_20, w3_10)","(w1_80, w2_10, w3_10)"
vit-base-patch16-224_batch2-inf,vit_h_14_batch2-train,albert-base-v2_batch2-train,"(38.35991780017614, 3.9157188140965875, 15.623773259009186)","(None, None, None)","(None, None, None)","(None, None, None)","(None, None, None)","(None, None, None)","(None, None, None)","(None, None, None)","(None, None, None)","(None, None, None)","(None, None, None)","(None, None, None)","(None, None, None)","(None, None, None)","(None, None, None)","(None, None, None)","(None, None, None)","(None, None, None)","(None, None, None)","(None, None, None)","(None, None, None)","(None, None, None)","(None, None, None)","(None, None, None)","(None, None, None)","(None, None, None)","(None, None, None)","(None, None, None)","(None, None, None)","(None, None, None)","(None, None, None)","(None, None, None)","(None, None, None)","(None, None, None)","(None, None, None)","(None, None, None)","(None, None, None)"
wav2vec2-base-960h_batch2-inf,wav2vec2-base-960h_batch2-inf,whisper-large-v2_batch2-inf,"(24.96727435267073, 24.623716858744253, 2.332633543270352)","(None, None, None)","(None, None, None)","(None, None, None)","(None, None, None)","(None, None, None)","(None, None, None)","(None, None, None)","(None, None, None)","(None, None, None)","(None, None, None)","(None, None, None)","(None, None, None)","(None, None, None)","(None, None, None)","(None, None, None)","(None, None, None)","(None, None, None)","(None, None, None)","(None, None, None)","(None, None, None)","(None, None, None)","(None, None, None)","(None, None, None)","(None, None, None)","(None, None, None)","(None, None, None)","(None, None, None)","(None, None, None)","(None, None, None)","(None, None, None)","(None, None, None)","(None, None, None)","(None, None, None)","(None, None, None)","(None, None, None)","(None, None, None)"
vit_h_14_batch2-train,vit_h_14_batch2-train,wav2vec2-base-960h_batch2-inf,"(2.6580596164799695, 2.9275012915446874, 31.96141741938121)","(None, None, None)","(None, None, None)","(None, None, None)","(None, None, None)","(None, None, None)","(None, None, None)","(None, None, None)","(None, None, None)","(None, None, None)","(None, None, None)","(None, None, None)","(None, None, None)","(None, None, None)","(None, None, None)","(None, None, None)","(None, None, None)","(None, None, None)","(None, None, None)","(None, None, None)","(None, None, None)","(None, None, None)","(None, None, None)","(None, None, None)","(None, None, None)","(None, None, None)","(None, None, None)","(None, None, None)","(None, None, None)","(None, None, None)","(None, None, None)","(None, None, None)","(None, None, None)","(None, None, None)","(None, None, None)","(None, None, None)","(None, None, None)"
bert-base-cased_batch2-inf,vit-base-patch16-224_batch2-inf,albert-base-v2_batch2-train,"(45.66901613560901, 36.99110272310595, 14.173154925637558)","(None, None, None)","(None, None, None)","(None, None, None)","(None, None, None)","(None, None, None)","(None, None, None)","(None, None, None)","(None, None, None)","(None, None, None)","(None, None, None)","(None, None, None)","(None, None, None)","(None, None, None)","(None, None, None)","(None, None, None)","(None, None, None)","(None, None, None)","(None, None, None)","(None, None, None)","(None, None, None)","(None, None, None)","(None, None, None)","(None, None, None)","(None, None, None)","(None, None, None)","(None, None, None)","(None, None, None)","(None, None, None)","(None, None, None)","(None, None, None)","(None, None, None)","(None, None, None)","(None, None, None)","(None, None, None)","(None, None, None)","(None, None, None)"
bert-base-cased_batch2-train,bert-base-cased_batch2-train,bert-base-cased_batch2-train,"(8.65533230293663, 8.66195577843629, 10.728053448204903)","(None, None, None)","(None, None, None)","(None, None, None)","(None, None, None)","(None, None, None)","(None, None, None)","(None, None, None)","(None, None, None)","(None, None, None)","(None, None, None)","(None, None, None)","(None, None, None)","(None, None, None)","(None, None, None)","(None, None, None)","(None, None, None)","(None, None, None)","(None, None, None)","(None, None, None)","(None, None, None)","(None, None, None)","(None, None, None)","(None, None, None)","(None, None, None)","(None, None, None)","(None, None, None)","(None, None, None)","(None, None, None)","(None, None, None)","(None, None, None)","(None, None, None)","(None, None, None)","(None, None, None)","(None, None, None)","(None, None, None)","(None, None, None)"
vit-base-patch16-224_batch2-inf,vit-base-patch16-224_batch2-inf,albert-base-v2_batch2-train,"(44.007858546168954, 44.07217943673056, 20.365895754228514)","(None, None, None)","(None, None, None)","(None, None, None)","(None, None, None)","(None, None, None)","(None, None, None)","(None, None, None)","(None, None, None)","(None, None, None)","(None, None, None)","(None, None, None)","(None, None, None)","(None, None, None)","(None, None, None)","(None, None, None)","(None, None, None)","(None, None, None)","(None, None, None)","(None, None, None)","(None, None, None)","(None, None, None)","(None, None, None)","(None, None, None)","(None, None, None)","(None, None, None)","(None, None, None)","(None, None, None)","(None, None, None)","(None, None, None)","(None, None, None)","(None, None, None)","(None, None, None)","(None, None, None)","(None, None, None)","(None, None, None)","(None, None, None)"
vit-base-patch16-224_batch2-inf,vit-base-patch16-224_batch2-inf,wav2vec2-base-960h_batch2-inf,"(39.94497376063586, 40.04085801838611, 39.2235541957165)","(None, None, None)","(None, None, None)","(None, None, None)","(None, None, None)","(None, None, None)","(None, None, None)","(None, None, None)","(None, None, None)","(None, None, None)","(None, None, None)","(None, None, None)","(None, None, None)","(None, None, None)","(None, None, None)","(None, None, None)","(None, None, None)","(None, None, None)","(None, None, None)","(None, None, None)","(None, None, None)","(None, None, None)","(None, None, None)","(None, None, None)","(None, None, None)","(None, None, None)","(None, None, None)","(None, None, None)","(None, None, None)","(None, None, None)","(None, None, None)","(None, None, None)","(None, None, None)","(None, None, None)","(None, None, None)","(None, None, None)","(None, None, None)"
vit_h_14_batch2-train,vit_h_14_batch2-train,whisper-large-v2_batch2-inf,"(3.757472245943638, 3.7453183520599254, None)","(None, None, None)","(None, None, None)","(None, None, None)","(None, None, None)","(None, None, None)","(None, None, None)","(None, None, None)","(None, None, None)","(None, None, None)","(None, None, None)","(None, None, None)","(None, None, None)","(None, None, None)","(None, None, None)","(None, None, None)","(None, None, None)","(None, None, None)","(None, None, None)","(None, None, None)","(None, None, None)","(None, None, None)","(None, None, None)","(None, None, None)","(None, None, None)","(None, None, None)","(None, None, None)","(None, None, None)","(None, None, None)","(None, None, None)","(None, None, None)","(None, None, None)","(None, None, None)","(None, None, None)","(None, None, None)","(None, None, None)","(None, None, None)"
vit-base-patch16-224_batch2-inf,vit_h_14_batch2-train,bert-base-cased_batch2-train,"(41.10738255033557, 4.2287555376560615, 12.817136335703626)","(None, None, None)","(None, None, None)","(None, None, None)","(None, None, None)","(None, None, None)","(None, None, None)","(None, None, None)","(None, None, None)","(None, None, None)","(None, None, None)","(None, None, None)","(None, None, None)","(None, None, None)","(None, None, None)","(None, None, None)","(None, None, None)","(None, None, None)","(None, None, None)","(None, None, None)","(None, None, None)","(None, None, None)","(None, None, None)","(None, None, None)","(None, None, None)","(None, None, None)","(None, None, None)","(None, None, None)","(None, None, None)","(None, None, None)","(None, None, None)","(None, None, None)","(None, None, None)","(None, None, None)","(None, None, None)","(None, None, None)","(None, None, None)"
whisper-large-v2_batch2-inf,whisper-large-v2_batch2-inf,whisper-large-v2_batch2-inf,"(1.4703117361711728, 1.2826234525073037, 1.065226360601628)","(None, None, None)","(None, None, None)","(None, None, None)","(None, None, None)","(None, None, None)","(None, None, None)","(None, None, None)","(None, None, None)","(None, None, None)","(None, None, None)","(None, None, None)","(None, None, None)","(None, None, None)","(None, None, None)","(None, None, None)","(None, None, None)","(None, None, None)","(None, None, None)","(None, None, None)","(None, None, None)","(None, None, None)","(None, None, None)","(None, None, None)","(None, None, None)","(None, None, None)","(None, None, None)","(None, None, None)","(None, None, None)","(None, None, None)","(None, None, None)","(None, None, None)","(None, None, None)","(None, None, None)","(None, None, None)","(None, None, None)","(None, None, None)"
bert-base-cased_batch2-inf,bert-base-cased_batch2-train,albert-base-v2_batch2-train,"(38.93330684809058, 8.516360376512775, 10.756219722473109)","(None, None, None)","(None, None, None)","(None, None, None)","(None, None, None)","(None, None, None)","(None, None, None)","(None, None, None)","(None, None, None)","(None, None, None)","(None, None, None)","(None, None, None)","(None, None, None)","(None, None, None)","(None, None, None)","(None, None, None)","(None, None, None)","(None, None, None)","(None, None, None)","(None, None, None)","(None, None, None)","(None, None, None)","(None, None, None)","(None, None, None)","(None, None, None)","(None, None, None)","(None, None, None)","(None, None, None)","(None, None, None)","(None, None, None)","(None, None, None)","(None, None, None)","(None, None, None)","(None, None, None)","(None, None, None)","(None, None, None)","(None, None, None)"
vit-base-patch16-224_batch2-inf,albert-base-v2_batch2-train,whisper-large-v2_batch2-inf,"(45.031591039632396, 20.564197205378328, 2.663115845539281)","(None, None, None)","(None, None, None)","(None, None, None)","(None, None, None)","(None, None, None)","(None, None, None)","(None, None, None)","(None, None, None)","(None, None, None)","(None, None, None)","(None, None, None)","(None, None, None)","(None, None, None)","(None, None, None)","(None, None, None)","(None, None, None)","(None, None, None)","(None, None, None)","(None, None, None)","(None, None, None)","(None, None, None)","(None, None, None)","(None, None, None)","(None, None, None)","(None, None, None)","(None, None, None)","(None, None, None)","(None, None, None)","(None, None, None)","(None, None, None)","(None, None, None)","(None, None, None)","(None, None, None)","(None, None, None)","(None, None, None)","(None, None, None)"
bert-base-cased_batch2-inf,vit_h_14_batch2-train,albert-base-v2_batch2-train,"(42.32804232804233, 3.212564697483491, 11.970207483596381)","(None, None, None)","(None, None, None)","(None, None, None)","(None, None, None)","(None, None, None)","(None, None, None)","(None, None, None)","(None, None, None)","(None, None, None)","(None, None, None)","(None, None, None)","(None, None, None)","(None, None, None)","(None, None, None)","(None, None, None)","(None, None, None)","(None, None, None)","(None, None, None)","(None, None, None)","(None, None, None)","(None, None, None)","(None, None, None)","(None, None, None)","(None, None, None)","(None, None, None)","(None, None, None)","(None, None, None)","(None, None, None)","(None, None, None)","(None, None, None)","(None, None, None)","(None, None, None)","(None, None, None)","(None, None, None)","(None, None, None)","(None, None, None)"
bert-base-cased_batch2-train,albert-base-v2_batch2-train,whisper-large-v2_batch2-inf,"(7.605532561186277, 9.042448630334988, 2.172024326672459)","(None, None, None)","(None, None, None)","(None, None, None)","(None, None, None)","(None, None, None)","(None, None, None)","(None, None, None)","(None, None, None)","(None, None, None)","(None, None, None)","(None, None, None)","(None, None, None)","(None, None, None)","(None, None, None)","(None, None, None)","(None, None, None)","(None, None, None)","(None, None, None)","(None, None, None)","(None, None, None)","(None, None, None)","(None, None, None)","(None, None, None)","(None, None, None)","(None, None, None)","(None, None, None)","(None, None, None)","(None, None, None)","(None, None, None)","(None, None, None)","(None, None, None)","(None, None, None)","(None, None, None)","(None, None, None)","(None, None, None)","(None, None, None)"
vit_h_14_batch2-train,bert-base-cased_batch2-train,bert-base-cased_batch2-train,"(3.38541316818249, 9.100324679103002, 7.5643654591023015)","(None, None, None)","(None, None, None)","(None, None, None)","(None, None, None)","(None, None, None)","(None, None, None)","(None, None, None)","(None, None, None)","(None, None, None)","(None, None, None)","(None, None, None)","(None, None, None)","(None, None, None)","(None, None, None)","(None, None, None)","(None, None, None)","(None, None, None)","(None, None, None)","(None, None, None)","(None, None, None)","(None, None, None)","(None, None, None)","(None, None, None)","(None, None, None)","(None, None, None)","(None, None, None)","(None, None, None)","(None, None, None)","(None, None, None)","(None, None, None)","(None, None, None)","(None, None, None)","(None, None, None)","(None, None, None)","(None, None, None)","(None, None, None)"
bert-base-cased_batch2-inf,bert-base-cased_batch2-inf,bert-base-cased_batch2-train,"(39.13738019169329, 38.335533714732776, 7.658500500413385)","(None, None, None)","(None, None, None)","(None, None, None)","(None, None, None)","(None, None, None)","(None, None, None)","(None, None, None)","(None, None, None)","(None, None, None)","(None, None, None)","(None, None, None)","(None, None, None)","(None, None, None)","(None, None, None)","(None, None, None)","(None, None, None)","(None, None, None)","(None, None, None)","(None, None, None)","(None, None, None)","(None, None, None)","(None, None, None)","(None, None, None)","(None, None, None)","(None, None, None)","(None, None, None)","(None, None, None)","(None, None, None)","(None, None, None)","(None, None, None)","(None, None, None)","(None, None, None)","(None, None, None)","(None, None, None)","(None, None, None)","(None, None, None)"
bert-base-cased_batch2-inf,vit_h_14_batch2-train,whisper-large-v2_batch2-inf,"(68.80814463752853, 6.641366223908918, None)","(None, None, None)","(None, None, None)","(None, None, None)","(None, None, None)","(None, None, None)","(None, None, None)","(None, None, None)","(None, None, None)","(None, None, None)","(None, None, None)","(None, None, None)","(None, None, None)","(None, None, None)","(None, None, None)","(None, None, None)","(None, None, None)","(None, None, None)","(None, None, None)","(None, None, None)","(None, None, None)","(None, None, None)","(None, None, None)","(None, None, None)","(None, None, None)","(None, None, None)","(None, None, None)","(None, None, None)","(None, None, None)","(None, None, None)","(None, None, None)","(None, None, None)","(None, None, None)","(None, None, None)","(None, None, None)","(None, None, None)","(None, None, None)"
bert-base-cased_batch2-inf,bert-base-cased_batch2-inf,vit-base-patch16-224_batch2-inf,"(43.83316560438332, 43.22178730911296, 35.54440436987089)","(None, None, None)","(None, None, None)","(None, None, None)","(None, None, None)","(None, None, None)","(None, None, None)","(None, None, None)","(None, None, None)","(None, None, None)","(None, None, None)","(None, None, None)","(None, None, None)","(None, None, None)","(None, None, None)","(None, None, None)","(None, None, None)","(None, None, None)","(None, None, None)","(None, None, None)","(None, None, None)","(None, None, None)","(None, None, None)","(None, None, None)","(None, None, None)","(None, None, None)","(None, None, None)","(None, None, None)","(None, None, None)","(None, None, None)","(None, None, None)","(None, None, None)","(None, None, None)","(None, None, None)","(None, None, None)","(None, None, None)","(None, None, None)"
albert-base-v2_batch2-train,albert-base-v2_batch2-train,albert-base-v2_batch2-train,"(10.962053352397774, 10.17338511185254, 10.174776401083122)","(None, None, None)","(None, None, None)","(None, None, None)","(None, None, None)","(None, None, None)","(None, None, None)","(None, None, None)","(None, None, None)","(None, None, None)","(None, None, None)","(None, None, None)","(None, None, None)","(None, None, None)","(None, None, None)","(None, None, None)","(None, None, None)","(None, None, None)","(None, None, None)","(None, None, None)","(None, None, None)","(None, None, None)","(None, None, None)","(None, None, None)","(None, None, None)","(None, None, None)","(None, None, None)","(None, None, None)","(None, None, None)","(None, None, None)","(None, None, None)","(None, None, None)","(None, None, None)","(None, None, None)","(None, None, None)","(None, None, None)","(None, None, None)"
bert-base-cased_batch2-inf,bert-base-cased_batch2-inf,bert-base-cased_batch2-inf,"(32.855586287821644, 32.72666555351478, 32.86660518152092)","(None, None, None)","(None, None, None)","(None, None, None)","(None, None, None)","(None, None, None)","(None, None, None)","(None, None, None)","(None, None, None)","(None, None, None)","(None, None, None)","(None, None, None)","(None, None, None)","(None, None, None)","(None, None, None)","(None, None, None)","(None, None, None)","(None, None, None)","(None, None, None)","(None, None, None)","(None, None, None)","(None, None, None)","(None, None, None)","(None, None, None)","(None, None, None)","(None, None, None)","(None, None, None)","(None, None, None)","(None, None, None)","(None, None, None)","(None, None, None)","(None, None, None)","(None, None, None)","(None, None, None)","(None, None, None)","(None, None, None)","(None, None, None)"
bert-base-cased_batch2-train,wav2vec2-base-960h_batch2-inf,whisper-large-v2_batch2-inf,"(9.562514941429596, 29.24239024755067, 2.762430939226519)","(None, None, None)","(None, None, None)","(None, None, None)","(None, None, None)","(None, None, None)","(None, None, None)","(None, None, None)","(None, None, None)","(None, None, None)","(None, None, None)","(None, None, None)","(None, None, None)","(None, None, None)","(None, None, None)","(None, None, None)","(None, None, None)","(None, None, None)","(None, None, None)","(None, None, None)","(None, None, None)","(None, None, None)","(None, None, None)","(None, None, None)","(None, None, None)","(None, None, None)","(None, None, None)","(None, None, None)","(None, None, None)","(None, None, None)","(None, None, None)","(None, None, None)","(None, None, None)","(None, None, None)","(None, None, None)","(None, None, None)","(None, None, None)"
bert-base-cased_batch2-inf,albert-base-v2_batch2-train,albert-base-v2_batch2-train,"(36.95498468065048, 10.015772870662461, 10.799136069114471)","(None, None, None)","(None, None, None)","(None, None, None)","(None, None, None)","(None, None, None)","(None, None, None)","(None, None, None)","(None, None, None)","(None, None, None)","(None, None, None)","(None, None, None)","(None, None, None)","(None, None, None)","(None, None, None)","(None, None, None)","(None, None, None)","(None, None, None)","(None, None, None)","(None, None, None)","(None, None, None)","(None, None, None)","(None, None, None)","(None, None, None)","(None, None, None)","(None, None, None)","(None, None, None)","(None, None, None)","(None, None, None)","(None, None, None)","(None, None, None)","(None, None, None)","(None, None, None)","(None, None, None)","(None, None, None)","(None, None, None)","(None, None, None)"
vit-base-patch16-224_batch2-inf,vit-base-patch16-224_batch2-inf,vit-base-patch16-224_batch2-inf,"(61.10678098207327, 61.2356478950246, 60.940536338904)","(None, None, None)","(None, None, None)","(None, None, None)","(None, None, None)","(None, None, None)","(None, None, None)","(None, None, None)","(None, None, None)","(None, None, None)","(None, None, None)","(None, None, None)","(None, None, None)","(None, None, None)","(None, None, None)","(None, None, None)","(None, None, None)","(None, None, None)","(None, None, None)","(None, None, None)","(None, None, None)","(None, None, None)","(None, None, None)","(None, None, None)","(None, None, None)","(None, None, None)","(None, None, None)","(None, None, None)","(None, None, None)","(None, None, None)","(None, None, None)","(None, None, None)","(None, None, None)","(None, None, None)","(None, None, None)","(None, None, None)","(None, None, None)"
bert-base-cased_batch2-inf,vit-base-patch16-224_batch2-inf,vit_h_14_batch2-train,"(61.89310807610326, 40.755254720342, 5.992509363295881)","(None, None, None)","(None, None, None)","(None, None, None)","(None, None, None)","(None, None, None)","(None, None, None)","(None, None, None)","(None, None, None)","(None, None, None)","(None, None, None)","(None, None, None)","(None, None, None)","(None, None, None)","(None, None, None)","(None, None, None)","(None, None, None)","(None, None, None)","(None, None, None)","(None, None, None)","(None, None, None)","(None, None, None)","(None, None, None)","(None, None, None)","(None, None, None)","(None, None, None)","(None, None, None)","(None, None, None)","(None, None, None)","(None, None, None)","(None, None, None)","(None, None, None)","(None, None, None)","(None, None, None)","(None, None, None)","(None, None, None)","(None, None, None)"
bert-base-cased_batch2-inf,vit-base-patch16-224_batch2-inf,whisper-large-v2_batch2-inf,"(74.59562321598477, 49.96505939902166, None)","(None, None, None)","(None, None, None)","(None, None, None)","(None, None, None)","(None, None, None)","(None, None, None)","(None, None, None)","(None, None, None)","(None, None, None)","(None, None, None)","(None, None, None)","(None, None, None)","(None, None, None)","(None, None, None)","(None, None, None)","(None, None, None)","(None, None, None)","(None, None, None)","(None, None, None)","(None, None, None)","(None, None, None)","(None, None, None)","(None, None, None)","(None, None, None)","(None, None, None)","(None, None, None)","(None, None, None)","(None, None, None)","(None, None, None)","(None, None, None)","(None, None, None)","(None, None, None)","(None, None, None)","(None, None, None)","(None, None, None)","(None, None, None)"
vit-base-patch16-224_batch2-inf,bert-base-cased_batch2-train,bert-base-cased_batch2-train,"(37.82870928829915, 12.287374096209303, 11.708132970938742)","(None, None, None)","(None, None, None)","(None, None, None)","(None, None, None)","(None, None, None)","(None, None, None)","(None, None, None)","(None, None, None)","(None, None, None)","(None, None, None)","(None, None, None)","(None, None, None)","(None, None, None)","(None, None, None)","(None, None, None)","(None, None, None)","(None, None, None)","(None, None, None)","(None, None, None)","(None, None, None)","(None, None, None)","(None, None, None)","(None, None, None)","(None, None, None)","(None, None, None)","(None, None, None)","(None, None, None)","(None, None, None)","(None, None, None)","(None, None, None)","(None, None, None)","(None, None, None)","(None, None, None)","(None, None, None)","(None, None, None)","(None, None, None)"
vit-base-patch16-224_batch2-inf,wav2vec2-base-960h_batch2-inf,wav2vec2-base-960h_batch2-inf,"(31.08397430814368, 28.421894308352112, 28.217803918738497)","(None, None, None)","(None, None, None)","(None, None, None)","(None, None, None)","(None, None, None)","(None, None, None)","(None, None, None)","(None, None, None)","(None, None, None)","(None, None, None)","(None, None, None)","(None, None, None)","(None, None, None)","(None, None, None)","(None, None, None)","(None, None, None)","(None, None, None)","(None, None, None)","(None, None, None)","(None, None, None)","(None, None, None)","(None, None, None)","(None, None, None)","(None, None, None)","(None, None, None)","(None, None, None)","(None, None, None)","(None, None, None)","(None, None, None)","(None, None, None)","(None, None, None)","(None, None, None)","(None, None, None)","(None, None, None)","(None, None, None)","(None, None, None)"
vit_h_14_batch2-train,vit_h_14_batch2-train,vit_h_14_batch2-train,"(None, 6.006006006006006, None)","(None, None, None)","(None, None, None)","(None, None, None)","(None, None, None)","(None, None, None)","(None, None, None)","(None, None, None)","(None, None, None)","(None, None, None)","(None, None, None)","(None, None, None)","(None, None, None)","(None, None, None)","(None, None, None)","(None, None, None)","(None, None, None)","(None, None, None)","(None, None, None)","(None, None, None)","(None, None, None)","(None, None, None)","(None, None, None)","(None, None, None)","(None, None, None)","(None, None, None)","(None, None, None)","(None, None, None)","(None, None, None)","(None, None, None)","(None, None, None)","(None, None, None)","(None, None, None)","(None, None, None)","(None, None, None)","(None, None, None)","(None, None, None)"
bert-base-cased_batch2-inf,bert-base-cased_batch2-train,bert-base-cased_batch2-train,"(41.51223128243143, 9.228427361811436, 7.924005919136951)","(None, None, None)","(None, None, None)","(None, None, None)","(None, None, None)","(None, None, None)","(None, None, None)","(None, None, None)","(None, None, None)","(None, None, None)","(None, None, None)","(None, None, None)","(None, None, None)","(None, None, None)","(None, None, None)","(None, None, None)","(None, None, None)","(None, None, None)","(None, None, None)","(None, None, None)","(None, None, None)","(None, None, None)","(None, None, None)","(None, None, None)","(None, None, None)","(None, None, None)","(None, None, None)","(None, None, None)","(None, None, None)","(None, None, None)","(None, None, None)","(None, None, None)","(None, None, None)","(None, None, None)","(None, None, None)","(None, None, None)","(None, None, None)"
vit-base-patch16-224_batch2-inf,wav2vec2-base-960h_batch2-inf,whisper-large-v2_batch2-inf,"(46.01479046836483, 44.947695137372115, 3.2102728731942216)","(None, None, None)","(None, None, None)","(None, None, None)","(None, None, None)","(None, None, None)","(None, None, None)","(None, None, None)","(None, None, None)","(None, None, None)","(None, None, None)","(None, None, None)","(None, None, None)","(None, None, None)","(None, None, None)","(None, None, None)","(None, None, None)","(None, None, None)","(None, None, None)","(None, None, None)","(None, None, None)","(None, None, None)","(None, None, None)","(None, None, None)","(None, None, None)","(None, None, None)","(None, None, None)","(None, None, None)","(None, None, None)","(None, None, None)","(None, None, None)","(None, None, None)","(None, None, None)","(None, None, None)","(None, None, None)","(None, None, None)","(None, None, None)"
bert-base-cased_batch2-inf,vit-base-patch16-224_batch2-inf,vit-base-patch16-224_batch2-inf,"(63.58990996836726, 46.155025684275095, 46.02510460251046)","(None, None, None)","(None, None, None)","(None, None, None)","(None, None, None)","(None, None, None)","(None, None, None)","(None, None, None)","(None, None, None)","(None, None, None)","(None, None, None)","(None, None, None)","(None, None, None)","(None, None, None)","(None, None, None)","(None, None, None)","(None, None, None)","(None, None, None)","(None, None, None)","(None, None, None)","(None, None, None)","(None, None, None)","(None, None, None)","(None, None, None)","(None, None, None)","(None, None, None)","(None, None, None)","(None, None, None)","(None, None, None)","(None, None, None)","(None, None, None)","(None, None, None)","(None, None, None)","(None, None, None)","(None, None, None)","(None, None, None)","(None, None, None)"
bert-base-cased_batch2-inf,vit_h_14_batch2-train,wav2vec2-base-960h_batch2-inf,"(38.169425511197666, 2.8749401054144705, 26.955834577223637)","(None, None, None)","(None, None, None)","(None, None, None)","(None, None, None)","(None, None, None)","(None, None, None)","(None, None, None)","(None, None, None)","(None, None, None)","(None, None, None)","(None, None, None)","(None, None, None)","(None, None, None)","(None, None, None)","(None, None, None)","(None, None, None)","(None, None, None)","(None, None, None)","(None, None, None)","(None, None, None)","(None, None, None)","(None, None, None)","(None, None, None)","(None, None, None)","(None, None, None)","(None, None, None)","(None, None, None)","(None, None, None)","(None, None, None)","(None, None, None)","(None, None, None)","(None, None, None)","(None, None, None)","(None, None, None)","(None, None, None)","(None, None, None)"
bert-base-cased_batch2-inf,wav2vec2-base-960h_batch2-inf,whisper-large-v2_batch2-inf,"(48.10996563573883, 32.280329174409346, None)","(None, None, None)","(None, None, None)","(None, None, None)","(None, None, None)","(None, None, None)","(None, None, None)","(None, None, None)","(None, None, None)","(None, None, None)","(None, None, None)","(None, None, None)","(None, None, None)","(None, None, None)","(None, None, None)","(None, None, None)","(None, None, None)","(None, None, None)","(None, None, None)","(None, None, None)","(None, None, None)","(None, None, None)","(None, None, None)","(None, None, None)","(None, None, None)","(None, None, None)","(None, None, None)","(None, None, None)","(None, None, None)","(None, None, None)","(None, None, None)","(None, None, None)","(None, None, None)","(None, None, None)","(None, None, None)","(None, None, None)","(None, None, None)"
bert-base-cased_batch2-inf,bert-base-cased_batch2-inf,wav2vec2-base-960h_batch2-inf,"(31.498593812776214, 31.621828741983624, 25.226013414989794)","(None, None, None)","(None, None, None)","(None, None, None)","(None, None, None)","(None, None, None)","(None, None, None)","(None, None, None)","(None, None, None)","(None, None, None)","(None, None, None)","(None, None, None)","(None, None, None)","(None, None, None)","(None, None, None)","(None, None, None)","(None, None, None)","(None, None, None)","(None, None, None)","(None, None, None)","(None, None, None)","(None, None, None)","(None, None, None)","(None, None, None)","(None, None, None)","(None, None, None)","(None, None, None)","(None, None, None)","(None, None, None)","(None, None, None)","(None, None, None)","(None, None, None)","(None, None, None)","(None, None, None)","(None, None, None)","(None, None, None)","(None, None, None)"
vit-base-patch16-224_batch2-inf,albert-base-v2_batch2-train,albert-base-v2_batch2-train,"(35.39024059946734, 13.730483888827372, 13.188918361332155)","(None, None, None)","(None, None, None)","(None, None, None)","(None, None, None)","(None, None, None)","(None, None, None)","(None, None, None)","(None, None, None)","(None, None, None)","(None, None, None)","(None, None, None)","(None, None, None)","(None, None, None)","(None, None, None)","(None, None, None)","(None, None, None)","(None, None, None)","(None, None, None)","(None, None, None)","(None, None, None)","(None, None, None)","(None, None, None)","(None, None, None)","(None, None, None)","(None, None, None)","(None, None, None)","(None, None, None)","(None, None, None)","(None, None, None)","(None, None, None)","(None, None, None)","(None, None, None)","(None, None, None)","(None, None, None)","(None, None, None)","(None, None, None)"
bert-base-cased_batch2-inf,bert-base-cased_batch2-inf,albert-base-v2_batch2-train,"(35.36310329273793, 36.089118026146195, 10.57542768273717)","(None, None, None)","(None, None, None)","(None, None, None)","(None, None, None)","(None, None, None)","(None, None, None)","(None, None, None)","(None, None, None)","(None, None, None)","(None, None, None)","(None, None, None)","(None, None, None)","(None, None, None)","(None, None, None)","(None, None, None)","(None, None, None)","(None, None, None)","(None, None, None)","(None, None, None)","(None, None, None)","(None, None, None)","(None, None, None)","(None, None, None)","(None, None, None)","(None, None, None)","(None, None, None)","(None, None, None)","(None, None, None)","(None, None, None)","(None, None, None)","(None, None, None)","(None, None, None)","(None, None, None)","(None, None, None)","(None, None, None)","(None, None, None)"
bert-base-cased_batch2-inf,vit_h_14_batch2-train,bert-base-cased_batch2-train,"(45.35987040037029, 3.5474970437524638, 8.883122068070666)","(None, None, None)","(None, None, None)","(None, None, None)","(None, None, None)","(None, None, None)","(None, None, None)","(None, None, None)","(None, None, None)","(None, None, None)","(None, None, None)","(None, None, None)","(None, None, None)","(None, None, None)","(None, None, None)","(None, None, None)","(None, None, None)","(None, None, None)","(None, None, None)","(None, None, None)","(None, None, None)","(None, None, None)","(None, None, None)","(None, None, None)","(None, None, None)","(None, None, None)","(None, None, None)","(None, None, None)","(None, None, None)","(None, None, None)","(None, None, None)","(None, None, None)","(None, None, None)","(None, None, None)","(None, None, None)","(None, None, None)","(None, None, None)"
bert-base-cased_batch2-inf,vit-base-patch16-224_batch2-inf,wav2vec2-base-960h_batch2-inf,"(41.378582361323694, 34.277198211624444, 31.181217901687454)","(None, None, None)","(None, None, None)","(None, None, None)","(None, None, None)","(None, None, None)","(None, None, None)","(None, None, None)","(None, None, None)","(None, None, None)","(None, None, None)","(None, None, None)","(None, None, None)","(None, None, None)","(None, None, None)","(None, None, None)","(None, None, None)","(None, None, None)","(None, None, None)","(None, None, None)","(None, None, None)","(None, None, None)","(None, None, None)","(None, None, None)","(None, None, None)","(None, None, None)","(None, None, None)","(None, None, None)","(None, None, None)","(None, None, None)","(None, None, None)","(None, None, None)","(None, None, None)","(None, None, None)","(None, None, None)","(None, None, None)","(None, None, None)"
vit-base-patch16-224_batch2-inf,vit_h_14_batch2-train,vit_h_14_batch2-train,"(43.39883753113756, 3.6429872495446265, 3.508771929824561)","(None, None, None)","(None, None, None)","(None, None, None)","(None, None, None)","(None, None, None)","(None, None, None)","(None, None, None)","(None, None, None)","(None, None, None)","(None, None, None)","(None, None, None)","(None, None, None)","(None, None, None)","(None, None, None)","(None, None, None)","(None, None, None)","(None, None, None)","(None, None, None)","(None, None, None)","(None, None, None)","(None, None, None)","(None, None, None)","(None, None, None)","(None, None, None)","(None, None, None)","(None, None, None)","(None, None, None)","(None, None, None)","(None, None, None)","(None, None, None)","(None, None, None)","(None, None, None)","(None, None, None)","(None, None, None)","(None, None, None)","(None, None, None)"
bert-base-cased_batch2-inf,wav2vec2-base-960h_batch2-inf,wav2vec2-base-960h_batch2-inf,"(29.86211624895254, 23.435069648473956, 23.021681613579354)","(None, None, None)","(None, None, None)","(None, None, None)","(None, None, None)","(None, None, None)","(None, None, None)","(None, None, None)","(None, None, None)","(None, None, None)","(None, None, None)","(None, None, None)","(None, None, None)","(None, None, None)","(None, None, None)","(None, None, None)","(None, None, None)","(None, None, None)","(None, None, None)","(None, None, None)","(None, None, None)","(None, None, None)","(None, None, None)","(None, None, None)","(None, None, None)","(None, None, None)","(None, None, None)","(None, None, None)","(None, None, None)","(None, None, None)","(None, None, None)","(None, None, None)","(None, None, None)","(None, None, None)","(None, None, None)","(None, None, None)","(None, None, None)"
vit_h_14_batch2-train,wav2vec2-base-960h_batch2-inf,wav2vec2-base-960h_batch2-inf,"(2.981284160547673, 24.435972751703016, 24.671882887430588)","(None, None, None)","(None, None, None)","(None, None, None)","(None, None, None)","(None, None, None)","(None, None, None)","(None, None, None)","(None, None, None)","(None, None, None)","(None, None, None)","(None, None, None)","(None, None, None)","(None, None, None)","(None, None, None)","(None, None, None)","(None, None, None)","(None, None, None)","(None, None, None)","(None, None, None)","(None, None, None)","(None, None, None)","(None, None, None)","(None, None, None)","(None, None, None)","(None, None, None)","(None, None, None)","(None, None, None)","(None, None, None)","(None, None, None)","(None, None, None)","(None, None, None)","(None, None, None)","(None, None, None)","(None, None, None)","(None, None, None)","(None, None, None)"
vit_h_14_batch2-train,bert-base-cased_batch2-train,albert-base-v2_batch2-train,"(3.2205620500116128, 8.582160820016554, 9.997187492009921)","(None, None, None)","(None, None, None)","(None, None, None)","(None, None, None)","(None, None, None)","(None, None, None)","(None, None, None)","(None, None, None)","(None, None, None)","(None, None, None)","(None, None, None)","(None, None, None)","(None, None, None)","(None, None, None)","(None, None, None)","(None, None, None)","(None, None, None)","(None, None, None)","(None, None, None)","(None, None, None)","(None, None, None)","(None, None, None)","(None, None, None)","(None, None, None)","(None, None, None)","(None, None, None)","(None, None, None)","(None, None, None)","(None, None, None)","(None, None, None)","(None, None, None)","(None, None, None)","(None, None, None)","(None, None, None)","(None, None, None)","(None, None, None)"
vit_h_14_batch2-train,bert-base-cased_batch2-train,whisper-large-v2_batch2-inf,"(2.8065893837705915, 6.234851384105115, 1.9457643781746683)","(None, None, None)","(None, None, None)","(None, None, None)","(None, None, None)","(None, None, None)","(None, None, None)","(None, None, None)","(None, None, None)","(None, None, None)","(None, None, None)","(None, None, None)","(None, None, None)","(None, None, None)","(None, None, None)","(None, None, None)","(None, None, None)","(None, None, None)","(None, None, None)","(None, None, None)","(None, None, None)","(None, None, None)","(None, None, None)","(None, None, None)","(None, None, None)","(None, None, None)","(None, None, None)","(None, None, None)","(None, None, None)","(None, None, None)","(None, None, None)","(None, None, None)","(None, None, None)","(None, None, None)","(None, None, None)","(None, None, None)","(None, None, None)"
vit_h_14_batch2-train,vit_h_14_batch2-train,bert-base-cased_batch2-train,"(2.7550999736644854, 3.399501008916235, 6.939575993681614)","(None, None, None)","(None, None, None)","(None, None, None)","(None, None, None)","(None, None, None)","(None, None, None)","(None, None, None)","(None, None, None)","(None, None, None)","(None, None, None)","(None, None, None)","(None, None, None)","(None, None, None)","(None, None, None)","(None, None, None)","(None, None, None)","(None, None, None)","(None, None, None)","(None, None, None)","(None, None, None)","(None, None, None)","(None, None, None)","(None, None, None)","(None, None, None)","(None, None, None)","(None, None, None)","(None, None, None)","(None, None, None)","(None, None, None)","(None, None, None)","(None, None, None)","(None, None, None)","(None, None, None)","(None, None, None)","(None, None, None)","(None, None, None)"
vit_h_14_batch2-train,bert-base-cased_batch2-train,wav2vec2-base-960h_batch2-inf,"(3.108222661768861, 7.840196345786747, 29.181282185237706)","(None, None, None)","(None, None, None)","(None, None, None)","(None, None, None)","(None, None, None)","(None, None, None)","(None, None, None)","(None, None, None)","(None, None, None)","(None, None, None)","(None, None, None)","(None, None, None)","(None, None, None)","(None, None, None)","(None, None, None)","(None, None, None)","(None, None, None)","(None, None, None)","(None, None, None)","(None, None, None)","(None, None, None)","(None, None, None)","(None, None, None)","(None, None, None)","(None, None, None)","(None, None, None)","(None, None, None)","(None, None, None)","(None, None, None)","(None, None, None)","(None, None, None)","(None, None, None)","(None, None, None)","(None, None, None)","(None, None, None)","(None, None, None)"
wav2vec2-base-960h_batch2-inf,whisper-large-v2_batch2-inf,whisper-large-v2_batch2-inf,"(49.9808257701649, None, None)","(None, None, None)","(None, None, None)","(None, None, None)","(None, None, None)","(None, None, None)","(None, None, None)","(None, None, None)","(None, None, None)","(None, None, None)","(None, None, None)","(None, None, None)","(None, None, None)","(None, None, None)","(None, None, None)","(None, None, None)","(None, None, None)","(None, None, None)","(None, None, None)","(None, None, None)","(None, None, None)","(None, None, None)","(None, None, None)","(None, None, None)","(None, None, None)","(None, None, None)","(None, None, None)","(None, None, None)","(None, None, None)","(None, None, None)","(None, None, None)","(None, None, None)","(None, None, None)","(None, None, None)","(None, None, None)","(None, None, None)","(None, None, None)"
bert-base-cased_batch2-inf,albert-base-v2_batch2-train,whisper-large-v2_batch2-inf,"(50.92231748506105, 15.97460447493728, None)","(None, None, None)","(None, None, None)","(None, None, None)","(None, None, None)","(None, None, None)","(None, None, None)","(None, None, None)","(None, None, None)","(None, None, None)","(None, None, None)","(None, None, None)","(None, None, None)","(None, None, None)","(None, None, None)","(None, None, None)","(None, None, None)","(None, None, None)","(None, None, None)","(None, None, None)","(None, None, None)","(None, None, None)","(None, None, None)","(None, None, None)","(None, None, None)","(None, None, None)","(None, None, None)","(None, None, None)","(None, None, None)","(None, None, None)","(None, None, None)","(None, None, None)","(None, None, None)","(None, None, None)","(None, None, None)","(None, None, None)","(None, None, None)"
vit_h_14_batch2-train,vit_h_14_batch2-train,albert-base-v2_batch2-train,"(2.649006622516556, 3.189493433395872, 10.119178560799183)","(None, None, None)","(None, None, None)","(None, None, None)","(None, None, None)","(None, None, None)","(None, None, None)","(None, None, None)","(None, None, None)","(None, None, None)","(None, None, None)","(None, None, None)","(None, None, None)","(None, None, None)","(None, None, None)","(None, None, None)","(None, None, None)","(None, None, None)","(None, None, None)","(None, None, None)","(None, None, None)","(None, None, None)","(None, None, None)","(None, None, None)","(None, None, None)","(None, None, None)","(None, None, None)","(None, None, None)","(None, None, None)","(None, None, None)","(None, None, None)","(None, None, None)","(None, None, None)","(None, None, None)","(None, None, None)","(None, None, None)","(None, None, None)"
vit-base-patch16-224_batch2-inf,vit-base-patch16-224_batch2-inf,vit_h_14_batch2-train,"(47.59014204200558, 46.96298071163292, 5.616399887672002)","(None, None, None)","(None, None, None)","(None, None, None)","(None, None, None)","(None, None, None)","(None, None, None)","(None, None, None)","(None, None, None)","(None, None, None)","(None, None, None)","(None, None, None)","(None, None, None)","(None, None, None)","(None, None, None)","(None, None, None)","(None, None, None)","(None, None, None)","(None, None, None)","(None, None, None)","(None, None, None)","(None, None, None)","(None, None, None)","(None, None, None)","(None, None, None)","(None, None, None)","(None, None, None)","(None, None, None)","(None, None, None)","(None, None, None)","(None, None, None)","(None, None, None)","(None, None, None)","(None, None, None)","(None, None, None)","(None, None, None)","(None, None, None)"
vit-base-patch16-224_batch2-inf,vit_h_14_batch2-train,whisper-large-v2_batch2-inf,"(53.30432417731846, 5.819874872690237, None)","(None, None, None)","(None, None, None)","(None, None, None)","(None, None, None)","(None, None, None)","(None, None, None)","(None, None, None)","(None, None, None)","(None, None, None)","(None, None, None)","(None, None, None)","(None, None, None)","(None, None, None)","(None, None, None)","(None, None, None)","(None, None, None)","(None, None, None)","(None, None, None)","(None, None, None)","(None, None, None)","(None, None, None)","(None, None, None)","(None, None, None)","(None, None, None)","(None, None, None)","(None, None, None)","(None, None, None)","(None, None, None)","(None, None, None)","(None, None, None)","(None, None, None)","(None, None, None)","(None, None, None)","(None, None, None)","(None, None, None)","(None, None, None)"
vit-base-patch16-224_batch2-inf,vit-base-patch16-224_batch2-inf,bert-base-cased_batch2-train,"(47.245992527419546, 47.11821623895667, 17.61900126545313)","(None, None, None)","(None, None, None)","(None, None, None)","(None, None, None)","(None, None, None)","(None, None, None)","(None, None, None)","(None, None, None)","(None, None, None)","(None, None, None)","(None, None, None)","(None, None, None)","(None, None, None)","(None, None, None)","(None, None, None)","(None, None, None)","(None, None, None)","(None, None, None)","(None, None, None)","(None, None, None)","(None, None, None)","(None, None, None)","(None, None, None)","(None, None, None)","(None, None, None)","(None, None, None)","(None, None, None)","(None, None, None)","(None, None, None)","(None, None, None)","(None, None, None)","(None, None, None)","(None, None, None)","(None, None, None)","(None, None, None)","(None, None, None)"
wav2vec2-base-960h_batch2-inf,wav2vec2-base-960h_batch2-inf,wav2vec2-base-960h_batch2-inf,"(21.580748426978698, 21.62610619469027, 21.849678681195865)","(None, None, None)","(None, None, None)","(None, None, None)","(None, None, None)","(None, None, None)","(None, None, None)","(None, None, None)","(None, None, None)","(None, None, None)","(None, None, None)","(None, None, None)","(None, None, None)","(None, None, None)","(None, None, None)","(None, None, None)","(None, None, None)","(None, None, None)","(None, None, None)","(None, None, None)","(None, None, None)","(None, None, None)","(None, None, None)","(None, None, None)","(None, None, None)","(None, None, None)","(None, None, None)","(None, None, None)","(None, None, None)","(None, None, None)","(None, None, None)","(None, None, None)","(None, None, None)","(None, None, None)","(None, None, None)","(None, None, None)","(None, None, None)"
bert-base-cased_batch2-train,bert-base-cased_batch2-train,wav2vec2-base-960h_batch2-inf,"(8.878876225815, 8.084722547021682, 27.974529584317093)","(None, None, None)","(None, None, None)","(None, None, None)","(None, None, None)","(None, None, None)","(None, None, None)","(None, None, None)","(None, None, None)","(None, None, None)","(None, None, None)","(None, None, None)","(None, None, None)","(None, None, None)","(None, None, None)","(None, None, None)","(None, None, None)","(None, None, None)","(None, None, None)","(None, None, None)","(None, None, None)","(None, None, None)","(None, None, None)","(None, None, None)","(None, None, None)","(None, None, None)","(None, None, None)","(None, None, None)","(None, None, None)","(None, None, None)","(None, None, None)","(None, None, None)","(None, None, None)","(None, None, None)","(None, None, None)","(None, None, None)","(None, None, None)"
vit-base-patch16-224_batch2-inf,bert-base-cased_batch2-train,whisper-large-v2_batch2-inf,"(49.38893788585108, 18.97668724174871, 2.7991602519244227)","(None, None, None)","(None, None, None)","(None, None, None)","(None, None, None)","(None, None, None)","(None, None, None)","(None, None, None)","(None, None, None)","(None, None, None)","(None, None, None)","(None, None, None)","(None, None, None)","(None, None, None)","(None, None, None)","(None, None, None)","(None, None, None)","(None, None, None)","(None, None, None)","(None, None, None)","(None, None, None)","(None, None, None)","(None, None, None)","(None, None, None)","(None, None, None)","(None, None, None)","(None, None, None)","(None, None, None)","(None, None, None)","(None, None, None)","(None, None, None)","(None, None, None)","(None, None, None)","(None, None, None)","(None, None, None)","(None, None, None)","(None, None, None)"
wav2vec2-base-960h_batch2-inf,wav2vec2-base-960h_batch2-inf,albert-base-v2_batch2-train,"(24.16787712087029, 24.037131527986965, 9.543921235224747)","(None, None, None)","(None, None, None)","(None, None, None)","(None, None, None)","(None, None, None)","(None, None, None)","(None, None, None)","(None, None, None)","(None, None, None)","(None, None, None)","(None, None, None)","(None, None, None)","(None, None, None)","(None, None, None)","(None, None, None)","(None, None, None)","(None, None, None)","(None, None, None)","(None, None, None)","(None, None, None)","(None, None, None)","(None, None, None)","(None, None, None)","(None, None, None)","(None, None, None)","(None, None, None)","(None, None, None)","(None, None, None)","(None, None, None)","(None, None, None)","(None, None, None)","(None, None, None)","(None, None, None)","(None, None, None)","(None, None, None)","(None, None, None)"
vit_h_14_batch2-train,albert-base-v2_batch2-train,albert-base-v2_batch2-train,"(3.057249461693979, 9.726253039454075, 10.507080858839652)","(None, None, None)","(None, None, None)","(None, None, None)","(None, None, None)","(None, None, None)","(None, None, None)","(None, None, None)","(None, None, None)","(None, None, None)","(None, None, None)","(None, None, None)","(None, None, None)","(None, None, None)","(None, None, None)","(None, None, None)","(None, None, None)","(None, None, None)","(None, None, None)","(None, None, None)","(None, None, None)","(None, None, None)","(None, None, None)","(None, None, None)","(None, None, None)","(None, None, None)","(None, None, None)","(None, None, None)","(None, None, None)","(None, None, None)","(None, None, None)","(None, None, None)","(None, None, None)","(None, None, None)","(None, None, None)","(None, None, None)","(None, None, None)"
wav2vec2-base-960h_batch2-inf,albert-base-v2_batch2-train,albert-base-v2_batch2-train,"(26.13461667000869, 10.14138280737338, 9.505985800433711)","(None, None, None)","(None, None, None)","(None, None, None)","(None, None, None)","(None, None, None)","(None, None, None)","(None, None, None)","(None, None, None)","(None, None, None)","(None, None, None)","(None, None, None)","(None, None, None)","(None, None, None)","(None, None, None)","(None, None, None)","(None, None, None)","(None, None, None)","(None, None, None)","(None, None, None)","(None, None, None)","(None, None, None)","(None, None, None)","(None, None, None)","(None, None, None)","(None, None, None)","(None, None, None)","(None, None, None)","(None, None, None)","(None, None, None)","(None, None, None)","(None, None, None)","(None, None, None)","(None, None, None)","(None, None, None)","(None, None, None)","(None, None, None)"
bert-base-cased_batch2-inf,bert-base-cased_batch2-inf,vit_h_14_batch2-train,"(40.20306650940977, 39.780799675258784, 4.065040650406504)","(None, None, None)","(None, None, None)","(None, None, None)","(None, None, None)","(None, None, None)","(None, None, None)","(None, None, None)","(None, None, None)","(None, None, None)","(None, None, None)","(None, None, None)","(None, None, None)","(None, None, None)","(None, None, None)","(None, None, None)","(None, None, None)","(None, None, None)","(None, None, None)","(None, None, None)","(None, None, None)","(None, None, None)","(None, None, None)","(None, None, None)","(None, None, None)","(None, None, None)","(None, None, None)","(None, None, None)","(None, None, None)","(None, None, None)","(None, None, None)","(None, None, None)","(None, None, None)","(None, None, None)","(None, None, None)","(None, None, None)","(None, None, None)"
bert-base-cased_batch2-inf,vit-base-patch16-224_batch2-inf,bert-base-cased_batch2-train,"(49.42007060010086, 39.10449524484613, 10.963615843499758)","(None, None, None)","(None, None, None)","(None, None, None)","(None, None, None)","(None, None, None)","(None, None, None)","(None, None, None)","(None, None, None)","(None, None, None)","(None, None, None)","(None, None, None)","(None, None, None)","(None, None, None)","(None, None, None)","(None, None, None)","(None, None, None)","(None, None, None)","(None, None, None)","(None, None, None)","(None, None, None)","(None, None, None)","(None, None, None)","(None, None, None)","(None, None, None)","(None, None, None)","(None, None, None)","(None, None, None)","(None, None, None)","(None, None, None)","(None, None, None)","(None, None, None)","(None, None, None)","(None, None, None)","(None, None, None)","(None, None, None)","(None, None, None)"
albert-base-v2_batch2-train,albert-base-v2_batch2-train,whisper-large-v2_batch2-inf,"(8.63173200087702, 9.219088937093275, 2.095302467049679)","(None, None, None)","(None, None, None)","(None, None, None)","(None, None, None)","(None, None, None)","(None, None, None)","(None, None, None)","(None, None, None)","(None, None, None)","(None, None, None)","(None, None, None)","(None, None, None)","(None, None, None)","(None, None, None)","(None, None, None)","(None, None, None)","(None, None, None)","(None, None, None)","(None, None, None)","(None, None, None)","(None, None, None)","(None, None, None)","(None, None, None)","(None, None, None)","(None, None, None)","(None, None, None)","(None, None, None)","(None, None, None)","(None, None, None)","(None, None, None)","(None, None, None)","(None, None, None)","(None, None, None)","(None, None, None)","(None, None, None)","(None, None, None)"
bert-base-cased_batch2-inf,vit_h_14_batch2-train,vit_h_14_batch2-train,"(63.03264190384306, 2.8704700394689633, 3.9138943248532287)","(None, None, None)","(None, None, None)","(None, None, None)","(None, None, None)","(None, None, None)","(None, None, None)","(None, None, None)","(None, None, None)","(None, None, None)","(None, None, None)","(None, None, None)","(None, None, None)","(None, None, None)","(None, None, None)","(None, None, None)","(None, None, None)","(None, None, None)","(None, None, None)","(None, None, None)","(None, None, None)","(None, None, None)","(None, None, None)","(None, None, None)","(None, None, None)","(None, None, None)","(None, None, None)","(None, None, None)","(None, None, None)","(None, None, None)","(None, None, None)","(None, None, None)","(None, None, None)","(None, None, None)","(None, None, None)","(None, None, None)","(None, None, None)"
vit-base-patch16-224_batch2-inf,vit-base-patch16-224_batch2-inf,whisper-large-v2_batch2-inf,"(55.312544094821504, 55.445544554455445, None)","(None, None, None)","(None, None, None)","(None, None, None)","(None, None, None)","(None, None, None)","(None, None, None)","(None, None, None)","(None, None, None)","(None, None, None)","(None, None, None)","(None, None, None)","(None, None, None)","(None, None, None)","(None, None, None)","(None, None, None)","(None, None, None)","(None, None, None)","(None, None, None)","(None, None, None)","(None, None, None)","(None, None, None)","(None, None, None)","(None, None, None)","(None, None, None)","(None, None, None)","(None, None, None)","(None, None, None)","(None, None, None)","(None, None, None)","(None, None, None)","(None, None, None)","(None, None, None)","(None, None, None)","(None, None, None)","(None, None, None)","(None, None, None)"
vit_h_14_batch2-train,albert-base-v2_batch2-train,whisper-large-v2_batch2-inf,"(2.6579297096014423, 8.90893969946569, 1.8865426623419608)","(None, None, None)","(None, None, None)","(None, None, None)","(None, None, None)","(None, None, None)","(None, None, None)","(None, None, None)","(None, None, None)","(None, None, None)","(None, None, None)","(None, None, None)","(None, None, None)","(None, None, None)","(None, None, None)","(None, None, None)","(None, None, None)","(None, None, None)","(None, None, None)","(None, None, None)","(None, None, None)","(None, None, None)","(None, None, None)","(None, None, None)","(None, None, None)","(None, None, None)","(None, None, None)","(None, None, None)","(None, None, None)","(None, None, None)","(None, None, None)","(None, None, None)","(None, None, None)","(None, None, None)","(None, None, None)","(None, None, None)","(None, None, None)"
vit_h_14_batch2-train,wav2vec2-base-960h_batch2-inf,whisper-large-v2_batch2-inf,"(3.05024883608926, 34.13058659217877, 1.934547799451878)","(None, None, None)","(None, None, None)","(None, None, None)","(None, None, None)","(None, None, None)","(None, None, None)","(None, None, None)","(None, None, None)","(None, None, None)","(None, None, None)","(None, None, None)","(None, None, None)","(None, None, None)","(None, None, None)","(None, None, None)","(None, None, None)","(None, None, None)","(None, None, None)","(None, None, None)","(None, None, None)","(None, None, None)","(None, None, None)","(None, None, None)","(None, None, None)","(None, None, None)","(None, None, None)","(None, None, None)","(None, None, None)","(None, None, None)","(None, None, None)","(None, None, None)","(None, None, None)","(None, None, None)","(None, None, None)","(None, None, None)","(None, None, None)"
bert-base-cased_batch2-inf,bert-base-cased_batch2-train,wav2vec2-base-960h_batch2-inf,"(35.26289749471506, 6.635333149018524, 28.08897548303296)","(None, None, None)","(None, None, None)","(None, None, None)","(None, None, None)","(None, None, None)","(None, None, None)","(None, None, None)","(None, None, None)","(None, None, None)","(None, None, None)","(None, None, None)","(None, None, None)","(None, None, None)","(None, None, None)","(None, None, None)","(None, None, None)","(None, None, None)","(None, None, None)","(None, None, None)","(None, None, None)","(None, None, None)","(None, None, None)","(None, None, None)","(None, None, None)","(None, None, None)","(None, None, None)","(None, None, None)","(None, None, None)","(None, None, None)","(None, None, None)","(None, None, None)","(None, None, None)","(None, None, None)","(None, None, None)","(None, None, None)","(None, None, None)"
bert-base-cased_batch2-inf,whisper-large-v2_batch2-inf,whisper-large-v2_batch2-inf,"(87.51953561062737, None, None)","(None, None, None)","(None, None, None)","(None, None, None)","(None, None, None)","(None, None, None)","(None, None, None)","(None, None, None)","(None, None, None)","(None, None, None)","(None, None, None)","(None, None, None)","(None, None, None)","(None, None, None)","(None, None, None)","(None, None, None)","(None, None, None)","(None, None, None)","(None, None, None)","(None, None, None)","(None, None, None)","(None, None, None)","(None, None, None)","(None, None, None)","(None, None, None)","(None, None, None)","(None, None, None)","(None, None, None)","(None, None, None)","(None, None, None)","(None, None, None)","(None, None, None)","(None, None, None)","(None, None, None)","(None, None, None)","(None, None, None)","(None, None, None)"
bert-base-cased_batch2-train,bert-base-cased_batch2-train,whisper-large-v2_batch2-inf,"(6.863121048543308, 7.845970161233684, 2.266747621938879)","(None, None, None)","(None, None, None)","(None, None, None)","(None, None, None)","(None, None, None)","(None, None, None)","(None, None, None)","(None, None, None)","(None, None, None)","(None, None, None)","(None, None, None)","(None, None, None)","(None, None, None)","(None, None, None)","(None, None, None)","(None, None, None)","(None, None, None)","(None, None, None)","(None, None, None)","(None, None, None)","(None, None, None)","(None, None, None)","(None, None, None)","(None, None, None)","(None, None, None)","(None, None, None)","(None, None, None)","(None, None, None)","(None, None, None)","(None, None, None)","(None, None, None)","(None, None, None)","(None, None, None)","(None, None, None)","(None, None, None)","(None, None, None)"
bert-base-cased_batch2-inf,bert-base-cased_batch2-train,whisper-large-v2_batch2-inf,"(54.80218090311757, 13.478185092662521, None)","(None, None, None)","(None, None, None)","(None, None, None)","(None, None, None)","(None, None, None)","(None, None, None)","(None, None, None)","(None, None, None)","(None, None, None)","(None, None, None)","(None, None, None)","(None, None, None)","(None, None, None)","(None, None, None)","(None, None, None)","(None, None, None)","(None, None, None)","(None, None, None)","(None, None, None)","(None, None, None)","(None, None, None)","(None, None, None)","(None, None, None)","(None, None, None)","(None, None, None)","(None, None, None)","(None, None, None)","(None, None, None)","(None, None, None)","(None, None, None)","(None, None, None)","(None, None, None)","(None, None, None)","(None, None, None)","(None, None, None)","(None, None, None)"
wav2vec2-base-960h_batch2-inf,albert-base-v2_batch2-train,whisper-large-v2_batch2-inf,"(27.68435586079938, 11.438572366159327, 2.3894862604540026)","(None, None, None)","(None, None, None)","(None, None, None)","(None, None, None)","(None, None, None)","(None, None, None)","(None, None, None)","(None, None, None)","(None, None, None)","(None, None, None)","(None, None, None)","(None, None, None)","(None, None, None)","(None, None, None)","(None, None, None)","(None, None, None)","(None, None, None)","(None, None, None)","(None, None, None)","(None, None, None)","(None, None, None)","(None, None, None)","(None, None, None)","(None, None, None)","(None, None, None)","(None, None, None)","(None, None, None)","(None, None, None)","(None, None, None)","(None, None, None)","(None, None, None)","(None, None, None)","(None, None, None)","(None, None, None)","(None, None, None)","(None, None, None)"
vit_h_14_batch2-train,wav2vec2-base-960h_batch2-inf,albert-base-v2_batch2-train,"(2.913135593220339, 27.70593445527015, 10.386176942687188)","(None, None, None)","(None, None, None)","(None, None, None)","(None, None, None)","(None, None, None)","(None, None, None)","(None, None, None)","(None, None, None)","(None, None, None)","(None, None, None)","(None, None, None)","(None, None, None)","(None, None, None)","(None, None, None)","(None, None, None)","(None, None, None)","(None, None, None)","(None, None, None)","(None, None, None)","(None, None, None)","(None, None, None)","(None, None, None)","(None, None, None)","(None, None, None)","(None, None, None)","(None, None, None)","(None, None, None)","(None, None, None)","(None, None, None)","(None, None, None)","(None, None, None)","(None, None, None)","(None, None, None)","(None, None, None)","(None, None, None)","(None, None, None)"
albert-base-v2_batch2-train,whisper-large-v2_batch2-inf,whisper-large-v2_batch2-inf,"(10.672853828306264, 1.6864529013646956, 1.5941258876382782)","(None, None, None)","(None, None, None)","(None, None, None)","(None, None, None)","(None, None, None)","(None, None, None)","(None, None, None)","(None, None, None)","(None, None, None)","(None, None, None)","(None, None, None)","(None, None, None)","(None, None, None)","(None, None, None)","(None, None, None)","(None, None, None)","(None, None, None)","(None, None, None)","(None, None, None)","(None, None, None)","(None, None, None)","(None, None, None)","(None, None, None)","(None, None, None)","(None, None, None)","(None, None, None)","(None, None, None)","(None, None, None)","(None, None, None)","(None, None, None)","(None, None, None)","(None, None, None)","(None, None, None)","(None, None, None)","(None, None, None)","(None, None, None)"
vit-base-patch16-224_batch2-inf,vit_h_14_batch2-train,wav2vec2-base-960h_batch2-inf,"(35.889219501029984, 4.154405400727021, 34.074074074074076)","(None, None, None)","(None, None, None)","(None, None, None)","(None, None, None)","(None, None, None)","(None, None, None)","(None, None, None)","(None, None, None)","(None, None, None)","(None, None, None)","(None, None, None)","(None, None, None)","(None, None, None)","(None, None, None)","(None, None, None)","(None, None, None)","(None, None, None)","(None, None, None)","(None, None, None)","(None, None, None)","(None, None, None)","(None, None, None)","(None, None, None)","(None, None, None)","(None, None, None)","(None, None, None)","(None, None, None)","(None, None, None)","(None, None, None)","(None, None, None)","(None, None, None)","(None, None, None)","(None, None, None)","(None, None, None)","(None, None, None)","(None, None, None)"
vit-base-patch16-224_batch2-inf,bert-base-cased_batch2-train,wav2vec2-base-960h_batch2-inf,"(34.54962101181033, 11.115700927560178, 32.98742934278242)","(None, None, None)","(None, None, None)","(None, None, None)","(None, None, None)","(None, None, None)","(None, None, None)","(None, None, None)","(None, None, None)","(None, None, None)","(None, None, None)","(None, None, None)","(None, None, None)","(None, None, None)","(None, None, None)","(None, None, None)","(None, None, None)","(None, None, None)","(None, None, None)","(None, None, None)","(None, None, None)","(None, None, None)","(None, None, None)","(None, None, None)","(None, None, None)","(None, None, None)","(None, None, None)","(None, None, None)","(None, None, None)","(None, None, None)","(None, None, None)","(None, None, None)","(None, None, None)","(None, None, None)","(None, None, None)","(None, None, None)","(None, None, None)"
bert-base-cased_batch2-train,wav2vec2-base-960h_batch2-inf,albert-base-v2_batch2-train,"(7.304140183305826, 28.765863527680708, 10.277162218582394)","(None, None, None)","(None, None, None)","(None, None, None)","(None, None, None)","(None, None, None)","(None, None, None)","(None, None, None)","(None, None, None)","(None, None, None)","(None, None, None)","(None, None, None)","(None, None, None)","(None, None, None)","(None, None, None)","(None, None, None)","(None, None, None)","(None, None, None)","(None, None, None)","(None, None, None)","(None, None, None)","(None, None, None)","(None, None, None)","(None, None, None)","(None, None, None)","(None, None, None)","(None, None, None)","(None, None, None)","(None, None, None)","(None, None, None)","(None, None, None)","(None, None, None)","(None, None, None)","(None, None, None)","(None, None, None)","(None, None, None)","(None, None, None)"
bert-base-cased_batch2-train,wav2vec2-base-960h_batch2-inf,wav2vec2-base-960h_batch2-inf,"(7.663283512240779, 25.12449799196787, 25.43337561388103)","(None, None, None)","(None, None, None)","(None, None, None)","(None, None, None)","(None, None, None)","(None, None, None)","(None, None, None)","(None, None, None)","(None, None, None)","(None, None, None)","(None, None, None)","(None, None, None)","(None, None, None)","(None, None, None)","(None, None, None)","(None, None, None)","(None, None, None)","(None, None, None)","(None, None, None)","(None, None, None)","(None, None, None)","(None, None, None)","(None, None, None)","(None, None, None)","(None, None, None)","(None, None, None)","(None, None, None)","(None, None, None)","(None, None, None)","(None, None, None)","(None, None, None)","(None, None, None)","(None, None, None)","(None, None, None)","(None, None, None)","(None, None, None)"
bert-base-cased_batch2-inf,bert-base-cased_batch2-inf,whisper-large-v2_batch2-inf,"(48.744093509077345, 48.55992567358315, None)","(None, None, None)","(None, None, None)","(None, None, None)","(None, None, None)","(None, None, None)","(None, None, None)","(None, None, None)","(None, None, None)","(None, None, None)","(None, None, None)","(None, None, None)","(None, None, None)","(None, None, None)","(None, None, None)","(None, None, None)","(None, None, None)","(None, None, None)","(None, None, None)","(None, None, None)","(None, None, None)","(None, None, None)","(None, None, None)","(None, None, None)","(None, None, None)","(None, None, None)","(None, None, None)","(None, None, None)","(None, None, None)","(None, None, None)","(None, None, None)","(None, None, None)","(None, None, None)","(None, None, None)","(None, None, None)","(None, None, None)","(None, None, None)"
bert-base-cased_batch2-train,bert-base-cased_batch2-train,albert-base-v2_batch2-train,"(8.212428141253765, 9.875624382773475, 11.124704811221442)","(None, None, None)","(None, None, None)","(None, None, None)","(None, None, None)","(None, None, None)","(None, None, None)","(None, None, None)","(None, None, None)","(None, None, None)","(None, None, None)","(None, None, None)","(None, None, None)","(None, None, None)","(None, None, None)","(None, None, None)","(None, None, None)","(None, None, None)","(None, None, None)","(None, None, None)","(None, None, None)","(None, None, None)","(None, None, None)","(None, None, None)","(None, None, None)","(None, None, None)","(None, None, None)","(None, None, None)","(None, None, None)","(None, None, None)","(None, None, None)","(None, None, None)","(None, None, None)","(None, None, None)","(None, None, None)","(None, None, None)","(None, None, None)"
vit-base-patch16-224_batch2-inf,bert-base-cased_batch2-train,albert-base-v2_batch2-train,"(36.44477500929714, 11.607754624964734, 14.030085906140975)","(None, None, None)","(None, None, None)","(None, None, None)","(None, None, None)","(None, None, None)","(None, None, None)","(None, None, None)","(None, None, None)","(None, None, None)","(None, None, None)","(None, None, None)","(None, None, None)","(None, None, None)","(None, None, None)","(None, None, None)","(None, None, None)","(None, None, None)","(None, None, None)","(None, None, None)","(None, None, None)","(None, None, None)","(None, None, None)","(None, None, None)","(None, None, None)","(None, None, None)","(None, None, None)","(None, None, None)","(None, None, None)","(None, None, None)","(None, None, None)","(None, None, None)","(None, None, None)","(None, None, None)","(None, None, None)","(None, None, None)","(None, None, None)"
vit-base-patch16-224_batch2-inf,wav2vec2-base-960h_batch2-inf,albert-base-v2_batch2-train,"(33.43996587758584, 31.621512333198545, 13.402568240825206)","(None, None, None)","(None, None, None)","(None, None, None)","(None, None, None)","(None, None, None)","(None, None, None)","(None, None, None)","(None, None, None)","(None, None, None)","(None, None, None)","(None, None, None)","(None, None, None)","(None, None, None)","(None, None, None)","(None, None, None)","(None, None, None)","(None, None, None)","(None, None, None)","(None, None, None)","(None, None, None)","(None, None, None)","(None, None, None)","(None, None, None)","(None, None, None)","(None, None, None)","(None, None, None)","(None, None, None)","(None, None, None)","(None, None, None)","(None, None, None)","(None, None, None)","(None, None, None)","(None, None, None)","(None, None, None)","(None, None, None)","(None, None, None)"
bert-base-cased_batch2-inf,wav2vec2-base-960h_batch2-inf,albert-base-v2_batch2-train,"(33.36880187273888, 26.31375280551041, 9.412105415580655)","(None, None, None)","(None, None, None)","(None, None, None)","(None, None, None)","(None, None, None)","(None, None, None)","(None, None, None)","(None, None, None)","(None, None, None)","(None, None, None)","(None, None, None)","(None, None, None)","(None, None, None)","(None, None, None)","(None, None, None)","(None, None, None)","(None, None, None)","(None, None, None)","(None, None, None)","(None, None, None)","(None, None, None)","(None, None, None)","(None, None, None)","(None, None, None)","(None, None, None)","(None, None, None)","(None, None, None)","(None, None, None)","(None, None, None)","(None, None, None)","(None, None, None)","(None, None, None)","(None, None, None)","(None, None, None)","(None, None, None)","(None, None, None)"
